institution_name,specialty_code,program_name,level,form,has_budget_places,budget_places_count,paid_places_count,admission_year,link,source_url,parsed_at
"Алтайский государственный аграрный университет","19.03.03","Продукты питания животного происхождения","bachelor","","true","16","30","2026","https://barnaul.postupi.online/vuz/agau/specialnosti/bakalavr/","https://barnaul.postupi.online/vuz/agau/specialnosti/bakalavr/","2026-07-09T06:49:49.774Z"
"Алтайский государственный аграрный университет","20.03.02","Природообустройство и водопользование","bachelor","","","","40","2026","https://barnaul.postupi.online/vuz/agau/specialnosti/bakalavr/","https://barnaul.postupi.online/vuz/agau/specialnosti/bakalavr/","2026-07-09T06:49:49.774Z"
"Алтайский государственный аграрный университет","21.03.02","Землеустройство и кадастры","bachelor","","true","33","102","2026","https://barnaul.postupi.online/vuz/agau/specialnosti/bakalavr/","https://barnaul.postupi.online/vuz/agau/specialnosti/bakalavr/","2026-07-09T06:49:49.774Z"
"Алтайский государственный аграрный университет","23.03.03","Эксплуатация транспортно-технологических машин и комплексов","bachelor","","","","50","2026","https://barnaul.postupi.online/vuz/agau/specialnosti/bakalavr/","https://barnaul.postupi.online/vuz/agau/specialnosti/bakalavr/","2026-07-09T06:49:49.774Z"
"Алтайский государственный аграрный университет","35.03.01","Лесное дело","bachelor","","true","35","15","2026","https://barnaul.postupi.online/vuz/agau/specialnosti/bakalavr/","https://barnaul.postupi.online/vuz/agau/specialnosti/bakalavr/","2026-07-09T06:49:49.774Z"
"Алтайский государственный аграрный университет","35.03.03","Агрохимия и агропочвоведение","bachelor","","true","20","5","2026","https://barnaul.postupi.online/vuz/agau/specialnosti/bakalavr/","https://barnaul.postupi.online/vuz/agau/specialnosti/bakalavr/","2026-07-09T06:49:49.774Z"
"Алтайский государственный аграрный университет","35.03.04","Агрономия","bachelor","","true","105","115","2026","https://barnaul.postupi.online/vuz/agau/specialnosti/bakalavr/","https://barnaul.postupi.online/vuz/agau/specialnosti/bakalavr/","2026-07-09T06:49:49.774Z"
"Алтайский государственный аграрный университет","35.03.06","Агроинженерия","bachelor","","true","180","95","2026","https://barnaul.postupi.online/vuz/agau/specialnosti/bakalavr/","https://barnaul.postupi.online/vuz/agau/specialnosti/bakalavr/","2026-07-09T06:49:49.774Z"
"Алтайский государственный аграрный университет","35.03.07","Технология производства и переработки сельскохозяйственной продукции","bachelor","","true","65","20","2026","https://barnaul.postupi.online/vuz/agau/specialnosti/bakalavr/","https://barnaul.postupi.online/vuz/agau/specialnosti/bakalavr/","2026-07-09T06:49:49.774Z"
"Алтайский государственный аграрный университет","35.03.11","Гидромелиорация","bachelor","","true","30","10","2026","https://barnaul.postupi.online/vuz/agau/specialnosti/bakalavr/","https://barnaul.postupi.online/vuz/agau/specialnosti/bakalavr/","2026-07-09T06:49:49.774Z"
"Алтайский государственный аграрный университет","36.03.01","Ветеринарно-санитарная экспертиза","bachelor","","true","19","11","2026","https://barnaul.postupi.online/vuz/agau/specialnosti/bakalavr/","https://barnaul.postupi.online/vuz/agau/specialnosti/bakalavr/","2026-07-09T06:49:49.774Z"
"Алтайский государственный аграрный университет","36.03.02","Зоотехния","bachelor","","true","55","20","2026","https://barnaul.postupi.online/vuz/agau/specialnosti/bakalavr/","https://barnaul.postupi.online/vuz/agau/specialnosti/bakalavr/","2026-07-09T06:49:49.774Z"
"Алтайский государственный аграрный университет","38.03.04","Государственное и муниципальное управление","bachelor","","","","20","2026","https://barnaul.postupi.online/vuz/agau/specialnosti/bakalavr/","https://barnaul.postupi.online/vuz/agau/specialnosti/bakalavr/","2026-07-09T06:49:49.774Z"
"Алтайский государственный аграрный университет","44.03.04","Профессиональное обучение (по отраслям)","bachelor","","","","50","2026","https://barnaul.postupi.online/vuz/agau/specialnosti/bakalavr/","https://barnaul.postupi.online/vuz/agau/specialnosti/bakalavr/","2026-07-09T06:49:49.774Z"
"Алтайский государственный институт культуры","43.03.02","Туризм","bachelor","","true","19","6","2026","https://barnaul.postupi.online/vuz/agik/specialnosti/bakalavr/","https://barnaul.postupi.online/vuz/agik/specialnosti/bakalavr/","2026-07-09T06:49:49.774Z"
"Алтайский государственный институт культуры","50.03.01","Искусства и гуманитарные науки","bachelor","","true","9","3","2026","https://barnaul.postupi.online/vuz/agik/specialnosti/bakalavr/","https://barnaul.postupi.online/vuz/agik/specialnosti/bakalavr/","2026-07-09T06:49:49.774Z"
"Алтайский государственный институт культуры","51.03.02","Народная художественная культура","bachelor","","true","58","25","2026","https://barnaul.postupi.online/vuz/agik/specialnosti/bakalavr/","https://barnaul.postupi.online/vuz/agik/specialnosti/bakalavr/","2026-07-09T06:49:49.774Z"
"Алтайский государственный институт культуры","51.03.03","Социально-культурная деятельность","bachelor","","true","35","5","2026","https://barnaul.postupi.online/vuz/agik/specialnosti/bakalavr/","https://barnaul.postupi.online/vuz/agik/specialnosti/bakalavr/","2026-07-09T06:49:49.774Z"
"Алтайский государственный институт культуры","51.03.04","Музеология и охрана объектов культурного и природного наследия","bachelor","","true","30","2","2026","https://barnaul.postupi.online/vuz/agik/specialnosti/bakalavr/","https://barnaul.postupi.online/vuz/agik/specialnosti/bakalavr/","2026-07-09T06:49:49.774Z"
"Алтайский государственный институт культуры","51.03.05","Режиссура театрализованных представлений и праздников","bachelor","","true","31","5","2026","https://barnaul.postupi.online/vuz/agik/specialnosti/bakalavr/","https://barnaul.postupi.online/vuz/agik/specialnosti/bakalavr/","2026-07-09T06:49:49.774Z"
"Алтайский государственный институт культуры","51.03.06","Библиотечно-информационная деятельность","bachelor","","true","31","2","2026","https://barnaul.postupi.online/vuz/agik/specialnosti/bakalavr/","https://barnaul.postupi.online/vuz/agik/specialnosti/bakalavr/","2026-07-09T06:49:49.774Z"
"Алтайский государственный институт культуры","52.03.01","Хореографическое искусство","bachelor","","true","16","12","2026","https://barnaul.postupi.online/vuz/agik/specialnosti/bakalavr/","https://barnaul.postupi.online/vuz/agik/specialnosti/bakalavr/","2026-07-09T06:49:49.774Z"
"Алтайский государственный институт культуры","53.03.02","Музыкально-инструментальное искусство","bachelor","","true","11","5","2026","https://barnaul.postupi.online/vuz/agik/specialnosti/bakalavr/","https://barnaul.postupi.online/vuz/agik/specialnosti/bakalavr/","2026-07-09T06:49:49.774Z"
"Алтайский государственный институт культуры","53.03.04","Искусство народного пения","bachelor","","true","15","5","2026","https://barnaul.postupi.online/vuz/agik/specialnosti/bakalavr/","https://barnaul.postupi.online/vuz/agik/specialnosti/bakalavr/","2026-07-09T06:49:49.774Z"
"Алтайский государственный институт культуры","53.03.05","Дирижирование","bachelor","","true","7","","2026","https://barnaul.postupi.online/vuz/agik/specialnosti/bakalavr/","https://barnaul.postupi.online/vuz/agik/specialnosti/bakalavr/","2026-07-09T06:49:49.774Z"
"Алтайский государственный институт культуры","53.03.06","Музыкознание и музыкально-прикладное искусство","bachelor","","true","6","","2026","https://barnaul.postupi.online/vuz/agik/specialnosti/bakalavr/","https://barnaul.postupi.online/vuz/agik/specialnosti/bakalavr/","2026-07-09T06:49:49.774Z"
"Алтайский государственный институт культуры","54.03.01","Дизайн","bachelor","","true","7","8","2026","https://barnaul.postupi.online/vuz/agik/specialnosti/bakalavr/","https://barnaul.postupi.online/vuz/agik/specialnosti/bakalavr/","2026-07-09T06:49:49.774Z"
"Алтайский государственный институт культуры","54.03.02","Декоративно-прикладное искусство и народные промыслы","bachelor","","true","6","3","2026","https://barnaul.postupi.online/vuz/agik/specialnosti/bakalavr/","https://barnaul.postupi.online/vuz/agik/specialnosti/bakalavr/","2026-07-09T06:49:49.774Z"
"Алтайский филиал Российской академии народного хозяйства и государственной службы при Президенте Российской Федерации","37.03.01","Психология","bachelor","","true","7","18","2026","https://barnaul.postupi.online/vuz/altajskij-filial-rossijskoj-akademii-narodnogo-hozyajstva-i-gosudarstvennoj-sluzhby-pri-prezidente-rossijskoj-federacii/specialnosti/bakalavr/","https://barnaul.postupi.online/vuz/altajskij-filial-rossijskoj-akademii-narodnogo-hozyajstva-i-gosudarstvennoj-sluzhby-pri-prezidente-rossijskoj-federacii/specialnosti/bakalavr/","2026-07-09T06:49:49.774Z"
"Алтайский филиал Российской академии народного хозяйства и государственной службы при Президенте Российской Федерации","38.03.01","Экономика","bachelor","","true","15","48","2026","https://barnaul.postupi.online/vuz/altajskij-filial-rossijskoj-akademii-narodnogo-hozyajstva-i-gosudarstvennoj-sluzhby-pri-prezidente-rossijskoj-federacii/specialnosti/bakalavr/","https://barnaul.postupi.online/vuz/altajskij-filial-rossijskoj-akademii-narodnogo-hozyajstva-i-gosudarstvennoj-sluzhby-pri-prezidente-rossijskoj-federacii/specialnosti/bakalavr/","2026-07-09T06:49:49.774Z"
"Алтайский филиал Российской академии народного хозяйства и государственной службы при Президенте Российской Федерации","38.03.04","Государственное и муниципальное управление","bachelor","","true","18","61","2026","https://barnaul.postupi.online/vuz/altajskij-filial-rossijskoj-akademii-narodnogo-hozyajstva-i-gosudarstvennoj-sluzhby-pri-prezidente-rossijskoj-federacii/specialnosti/bakalavr/","https://barnaul.postupi.online/vuz/altajskij-filial-rossijskoj-akademii-narodnogo-hozyajstva-i-gosudarstvennoj-sluzhby-pri-prezidente-rossijskoj-federacii/specialnosti/bakalavr/","2026-07-09T06:49:49.774Z"
"Алтайский филиал Российской академии народного хозяйства и государственной службы при Президенте Российской Федерации","40.03.01","Юриспруденция","bachelor","","true","22","123","2026","https://barnaul.postupi.online/vuz/altajskij-filial-rossijskoj-akademii-narodnogo-hozyajstva-i-gosudarstvennoj-sluzhby-pri-prezidente-rossijskoj-federacii/specialnosti/bakalavr/","https://barnaul.postupi.online/vuz/altajskij-filial-rossijskoj-akademii-narodnogo-hozyajstva-i-gosudarstvennoj-sluzhby-pri-prezidente-rossijskoj-federacii/specialnosti/bakalavr/","2026-07-09T06:49:49.774Z"
"Алтайский филиал Российской академии народного хозяйства и государственной службы при Президенте Российской Федерации","42.03.05","Медиакоммуникации","bachelor","","","","71","2026","https://barnaul.postupi.online/vuz/altajskij-filial-rossijskoj-akademii-narodnogo-hozyajstva-i-gosudarstvennoj-sluzhby-pri-prezidente-rossijskoj-federacii/specialnosti/bakalavr/","https://barnaul.postupi.online/vuz/altajskij-filial-rossijskoj-akademii-narodnogo-hozyajstva-i-gosudarstvennoj-sluzhby-pri-prezidente-rossijskoj-federacii/specialnosti/bakalavr/","2026-07-09T06:49:49.774Z"
"Алтайский государственный педагогический университет","01.03.04","Прикладная математика","bachelor","","true","17","5","2026","https://barnaul.postupi.online/vuz/altajskij-gosudarstvennyj-pedagogicheskij-universitet/specialnosti/bakalavr/","https://barnaul.postupi.online/vuz/altajskij-gosudarstvennyj-pedagogicheskij-universitet/specialnosti/bakalavr/","2026-07-09T06:49:49.774Z"
"Алтайский государственный педагогический университет","43.03.02","Туризм","bachelor","","true","20","12","2026","https://barnaul.postupi.online/vuz/altajskij-gosudarstvennyj-pedagogicheskij-universitet/specialnosti/bakalavr/","https://barnaul.postupi.online/vuz/altajskij-gosudarstvennyj-pedagogicheskij-universitet/specialnosti/bakalavr/","2026-07-09T06:49:49.774Z"
"Алтайский государственный педагогический университет","44.03.01","Педагогическое образование","bachelor","","true","127","195","2026","https://barnaul.postupi.online/vuz/altajskij-gosudarstvennyj-pedagogicheskij-universitet/specialnosti/bakalavr/","https://barnaul.postupi.online/vuz/altajskij-gosudarstvennyj-pedagogicheskij-universitet/specialnosti/bakalavr/","2026-07-09T06:49:49.774Z"
"Алтайский государственный педагогический университет","44.03.02","Психолого-педагогическое образование","bachelor","","true","42","60","2026","https://barnaul.postupi.online/vuz/altajskij-gosudarstvennyj-pedagogicheskij-universitet/specialnosti/bakalavr/","https://barnaul.postupi.online/vuz/altajskij-gosudarstvennyj-pedagogicheskij-universitet/specialnosti/bakalavr/","2026-07-09T06:49:49.774Z"
"Алтайский государственный педагогический университет","44.03.03","Специальное (дефектологическое) образование","bachelor","","true","88","60","2026","https://barnaul.postupi.online/vuz/altajskij-gosudarstvennyj-pedagogicheskij-universitet/specialnosti/bakalavr/","https://barnaul.postupi.online/vuz/altajskij-gosudarstvennyj-pedagogicheskij-universitet/specialnosti/bakalavr/","2026-07-09T06:49:49.774Z"
"Алтайский государственный педагогический университет","44.03.04","Профессиональное обучение (по отраслям)","bachelor","","","","30","2026","https://barnaul.postupi.online/vuz/altajskij-gosudarstvennyj-pedagogicheskij-universitet/specialnosti/bakalavr/","https://barnaul.postupi.online/vuz/altajskij-gosudarstvennyj-pedagogicheskij-universitet/specialnosti/bakalavr/","2026-07-09T06:49:49.774Z"
"Алтайский государственный педагогический университет","44.03.05","Педагогическое образование (с двумя профилями подготовки)","bachelor","","true","671","207","2026","https://barnaul.postupi.online/vuz/altajskij-gosudarstvennyj-pedagogicheskij-universitet/specialnosti/bakalavr/","https://barnaul.postupi.online/vuz/altajskij-gosudarstvennyj-pedagogicheskij-universitet/specialnosti/bakalavr/","2026-07-09T06:49:49.774Z"
"Алтайский государственный педагогический университет","45.03.02","Лингвистика","bachelor","","true","8","9","2026","https://barnaul.postupi.online/vuz/altajskij-gosudarstvennyj-pedagogicheskij-universitet/specialnosti/bakalavr/","https://barnaul.postupi.online/vuz/altajskij-gosudarstvennyj-pedagogicheskij-universitet/specialnosti/bakalavr/","2026-07-09T06:49:49.774Z"
"Алтайский государственный педагогический университет","49.03.01","Физическая культура","bachelor","","true","28","30","2026","https://barnaul.postupi.online/vuz/altajskij-gosudarstvennyj-pedagogicheskij-universitet/specialnosti/bakalavr/","https://barnaul.postupi.online/vuz/altajskij-gosudarstvennyj-pedagogicheskij-universitet/specialnosti/bakalavr/","2026-07-09T06:49:49.774Z"
"Алтайский институт экономики - филиал Санкт-Петербургского университета технологий управления и экономики","38.03.01","Экономика","bachelor","","","","11","2026","https://barnaul.postupi.online/vuz/altajskij-institut-ekonomiki/specialnosti/bakalavr/","https://barnaul.postupi.online/vuz/altajskij-institut-ekonomiki/specialnosti/bakalavr/","2026-07-09T06:49:49.774Z"
"Алтайский институт экономики - филиал Санкт-Петербургского университета технологий управления и экономики","40.03.01","Юриспруденция","bachelor","","","","82","2026","https://barnaul.postupi.online/vuz/altajskij-institut-ekonomiki/specialnosti/bakalavr/","https://barnaul.postupi.online/vuz/altajskij-institut-ekonomiki/specialnosti/bakalavr/","2026-07-09T06:49:49.774Z"
"Алтайский государственный технический университет им. И.И. Ползунова","07.03.01","Архитектура","bachelor","","true","20","10","2026","https://barnaul.postupi.online/vuz/altgtu/specialnosti/bakalavr/","https://barnaul.postupi.online/vuz/altgtu/specialnosti/bakalavr/","2026-07-09T06:49:49.774Z"
"Алтайский государственный технический университет им. И.И. Ползунова","07.03.03","Дизайн архитектурной среды","bachelor","","true","20","5","2026","https://barnaul.postupi.online/vuz/altgtu/specialnosti/bakalavr/","https://barnaul.postupi.online/vuz/altgtu/specialnosti/bakalavr/","2026-07-09T06:49:49.774Z"
"Алтайский государственный технический университет им. И.И. Ползунова","08.03.01","Строительство","bachelor","","true","119","185","2026","https://barnaul.postupi.online/vuz/altgtu/specialnosti/bakalavr/","https://barnaul.postupi.online/vuz/altgtu/specialnosti/bakalavr/","2026-07-09T06:49:49.774Z"
"Алтайский государственный технический университет им. И.И. Ползунова","09.03.01","Информатика и вычислительная техника","bachelor","","true","67","55","2026","https://barnaul.postupi.online/vuz/altgtu/specialnosti/bakalavr/","https://barnaul.postupi.online/vuz/altgtu/specialnosti/bakalavr/","2026-07-09T06:49:49.774Z"
"Алтайский государственный технический университет им. И.И. Ползунова","09.03.03","Прикладная информатика","bachelor","","true","66","55","2026","https://barnaul.postupi.online/vuz/altgtu/specialnosti/bakalavr/","https://barnaul.postupi.online/vuz/altgtu/specialnosti/bakalavr/","2026-07-09T06:49:49.774Z"
"Алтайский государственный технический университет им. И.И. Ползунова","09.03.04","Программная инженерия","bachelor","","true","87","60","2026","https://barnaul.postupi.online/vuz/altgtu/specialnosti/bakalavr/","https://barnaul.postupi.online/vuz/altgtu/specialnosti/bakalavr/","2026-07-09T06:49:49.774Z"
"Алтайский государственный технический университет им. И.И. Ползунова","10.03.01","Информационная безопасность","bachelor","","true","55","35","2026","https://barnaul.postupi.online/vuz/altgtu/specialnosti/bakalavr/","https://barnaul.postupi.online/vuz/altgtu/specialnosti/bakalavr/","2026-07-09T06:49:49.774Z"
"Алтайский государственный технический университет им. И.И. Ползунова","12.03.01","Приборостроение","bachelor","","true","55","25","2026","https://barnaul.postupi.online/vuz/altgtu/specialnosti/bakalavr/","https://barnaul.postupi.online/vuz/altgtu/specialnosti/bakalavr/","2026-07-09T06:49:49.774Z"
"Алтайский государственный технический университет им. И.И. Ползунова","13.03.02","Электроэнергетика и электротехника","bachelor","","true","132","110","2026","https://barnaul.postupi.online/vuz/altgtu/specialnosti/bakalavr/","https://barnaul.postupi.online/vuz/altgtu/specialnosti/bakalavr/","2026-07-09T06:49:49.774Z"
"Алтайский государственный технический университет им. И.И. Ползунова","13.03.03","Энергетическое машиностроение","bachelor","","true","53","30","2026","https://barnaul.postupi.online/vuz/altgtu/specialnosti/bakalavr/","https://barnaul.postupi.online/vuz/altgtu/specialnosti/bakalavr/","2026-07-09T06:49:49.774Z"
"Алтайский государственный технический университет им. И.И. Ползунова","15.03.01","Машиностроение","bachelor","","true","30","25","2026","https://barnaul.postupi.online/vuz/altgtu/specialnosti/bakalavr/","https://barnaul.postupi.online/vuz/altgtu/specialnosti/bakalavr/","2026-07-09T06:49:49.774Z"
"Алтайский государственный технический университет им. И.И. Ползунова","15.03.02","Технологические машины и оборудование","bachelor","","true","15","20","2026","https://barnaul.postupi.online/vuz/altgtu/specialnosti/bakalavr/","https://barnaul.postupi.online/vuz/altgtu/specialnosti/bakalavr/","2026-07-09T06:49:49.774Z"
"Алтайский государственный технический университет им. И.И. Ползунова","15.03.05","Конструкторско-технологическое обеспечение машиностроительных производств","bachelor","","true","72","20","2026","https://barnaul.postupi.online/vuz/altgtu/specialnosti/bakalavr/","https://barnaul.postupi.online/vuz/altgtu/specialnosti/bakalavr/","2026-07-09T06:49:49.774Z"
"Алтайский государственный технический университет им. И.И. Ползунова","18.03.01","Химическая технология","bachelor","","true","24","15","2026","https://barnaul.postupi.online/vuz/altgtu/specialnosti/bakalavr/","https://barnaul.postupi.online/vuz/altgtu/specialnosti/bakalavr/","2026-07-09T06:49:49.774Z"
"Алтайский государственный технический университет им. И.И. Ползунова","18.03.02","Энерго- и ресурсосберегающие процессы в химической технологии, нефтехимии и биотехнологии","bachelor","","true","16","15","2026","https://barnaul.postupi.online/vuz/altgtu/specialnosti/bakalavr/","https://barnaul.postupi.online/vuz/altgtu/specialnosti/bakalavr/","2026-07-09T06:49:49.774Z"
"Алтайский государственный технический университет им. И.И. Ползунова","19.03.01","Биотехнология","bachelor","","true","32","15","2026","https://barnaul.postupi.online/vuz/altgtu/specialnosti/bakalavr/","https://barnaul.postupi.online/vuz/altgtu/specialnosti/bakalavr/","2026-07-09T06:49:49.774Z"
"Алтайский государственный технический университет им. И.И. Ползунова","19.03.02","Продукты питания из растительного сырья","bachelor","","true","23","15","2026","https://barnaul.postupi.online/vuz/altgtu/specialnosti/bakalavr/","https://barnaul.postupi.online/vuz/altgtu/specialnosti/bakalavr/","2026-07-09T06:49:49.774Z"
"Алтайский государственный технический университет им. И.И. Ползунова","19.03.04","Технология продукции и организация общественного питания","bachelor","","true","40","25","2026","https://barnaul.postupi.online/vuz/altgtu/specialnosti/bakalavr/","https://barnaul.postupi.online/vuz/altgtu/specialnosti/bakalavr/","2026-07-09T06:49:49.774Z"
"Алтайский государственный технический университет им. И.И. Ползунова","20.03.01","Техносферная безопасность","bachelor","","true","25","35","2026","https://barnaul.postupi.online/vuz/altgtu/specialnosti/bakalavr/","https://barnaul.postupi.online/vuz/altgtu/specialnosti/bakalavr/","2026-07-09T06:49:49.774Z"
"Алтайский государственный технический университет им. И.И. Ползунова","23.03.03","Эксплуатация транспортно-технологических машин и комплексов","bachelor","","true","25","30","2026","https://barnaul.postupi.online/vuz/altgtu/specialnosti/bakalavr/","https://barnaul.postupi.online/vuz/altgtu/specialnosti/bakalavr/","2026-07-09T06:49:49.774Z"
"Алтайский государственный университет","01.03.02","Прикладная математика и информатика","bachelor","","true","20","15","2026","https://barnaul.postupi.online/vuz/altgu/specialnosti/bakalavr/","https://barnaul.postupi.online/vuz/altgu/specialnosti/bakalavr/","2026-07-09T06:49:49.774Z"
"Алтайский государственный университет","02.03.01","Математика и компьютерные науки","bachelor","","true","30","15","2026","https://barnaul.postupi.online/vuz/altgu/specialnosti/bakalavr/","https://barnaul.postupi.online/vuz/altgu/specialnosti/bakalavr/","2026-07-09T06:49:49.774Z"
"Алтайский государственный университет","02.03.02","Фундаментальная информатика и информационные технологии","bachelor","","true","30","15","2026","https://barnaul.postupi.online/vuz/altgu/specialnosti/bakalavr/","https://barnaul.postupi.online/vuz/altgu/specialnosti/bakalavr/","2026-07-09T06:49:49.774Z"
"Алтайский государственный университет","03.03.02","Физика","bachelor","","true","20","5","2026","https://barnaul.postupi.online/vuz/altgu/specialnosti/bakalavr/","https://barnaul.postupi.online/vuz/altgu/specialnosti/bakalavr/","2026-07-09T06:49:49.774Z"
"Алтайский государственный университет","03.03.03","Радиофизика","bachelor","","true","20","5","2026","https://barnaul.postupi.online/vuz/altgu/specialnosti/bakalavr/","https://barnaul.postupi.online/vuz/altgu/specialnosti/bakalavr/","2026-07-09T06:49:49.774Z"
"Алтайский государственный университет","09.03.01","Информатика и вычислительная техника","bachelor","","true","50","13","2026","https://barnaul.postupi.online/vuz/altgu/specialnosti/bakalavr/","https://barnaul.postupi.online/vuz/altgu/specialnosti/bakalavr/","2026-07-09T06:49:49.774Z"
"Алтайский государственный университет","09.03.03","Прикладная информатика","bachelor","","true","170","39","2026","https://barnaul.postupi.online/vuz/altgu/specialnosti/bakalavr/","https://barnaul.postupi.online/vuz/altgu/specialnosti/bakalavr/","2026-07-09T06:49:49.774Z"
"Алтайский государственный университет","09.03.04","Программная инженерия","bachelor","","true","45","30","2026","https://barnaul.postupi.online/vuz/altgu/specialnosti/bakalavr/","https://barnaul.postupi.online/vuz/altgu/specialnosti/bakalavr/","2026-07-09T06:49:49.774Z"
"Алтайский государственный университет","10.03.01","Информационная безопасность","bachelor","","true","70","15","2026","https://barnaul.postupi.online/vuz/altgu/specialnosti/bakalavr/","https://barnaul.postupi.online/vuz/altgu/specialnosti/bakalavr/","2026-07-09T06:49:49.774Z"
"Алтайский государственный университет","18.03.01","Химическая технология","bachelor","","true","20","5","2026","https://barnaul.postupi.online/vuz/altgu/specialnosti/bakalavr/","https://barnaul.postupi.online/vuz/altgu/specialnosti/bakalavr/","2026-07-09T06:49:49.774Z"
"Алтайский государственный университет","19.03.01","Биотехнология","bachelor","","true","30","10","2026","https://barnaul.postupi.online/vuz/altgu/specialnosti/bakalavr/","https://barnaul.postupi.online/vuz/altgu/specialnosti/bakalavr/","2026-07-09T06:49:49.774Z"
"Алтайский государственный университет","20.03.01","Техносферная безопасность","bachelor","","true","55","14","2026","https://barnaul.postupi.online/vuz/altgu/specialnosti/bakalavr/","https://barnaul.postupi.online/vuz/altgu/specialnosti/bakalavr/","2026-07-09T06:49:49.774Z"
"Алтайский государственный университет","21.03.02","Землеустройство и кадастры","bachelor","","true","35","23","2026","https://barnaul.postupi.online/vuz/altgu/specialnosti/bakalavr/","https://barnaul.postupi.online/vuz/altgu/specialnosti/bakalavr/","2026-07-09T06:49:49.774Z"
"Алтайский государственный университет","23.03.01","Технология транспортных процессов","bachelor","","true","15","15","2026","https://barnaul.postupi.online/vuz/altgu/specialnosti/bakalavr/","https://barnaul.postupi.online/vuz/altgu/specialnosti/bakalavr/","2026-07-09T06:49:49.774Z"
"Алтайский государственный университет","27.03.03","Системный анализ и управление","bachelor","","true","15","8","2026","https://barnaul.postupi.online/vuz/altgu/specialnosti/bakalavr/","https://barnaul.postupi.online/vuz/altgu/specialnosti/bakalavr/","2026-07-09T06:49:49.774Z"
"Алтайский государственный университет","35.03.10","Ландшафтная архитектура","bachelor","","true","35","13","2026","https://barnaul.postupi.online/vuz/altgu/specialnosti/bakalavr/","https://barnaul.postupi.online/vuz/altgu/specialnosti/bakalavr/","2026-07-09T06:49:49.774Z"
"Алтайский филиал Финансового университета при Правительстве Российской Федерации","09.03.03","Прикладная информатика","bachelor","","true","25","5","2026","https://barnaul.postupi.online/vuz/barnaulskij-filial-finuniversiteta/specialnosti/bakalavr/","https://barnaul.postupi.online/vuz/barnaulskij-filial-finuniversiteta/specialnosti/bakalavr/","2026-07-09T06:49:49.774Z"
"Алтайский филиал Финансового университета при Правительстве Российской Федерации","38.03.01","Экономика","bachelor","","true","15","103","2026","https://barnaul.postupi.online/vuz/barnaulskij-filial-finuniversiteta/specialnosti/bakalavr/","https://barnaul.postupi.online/vuz/barnaulskij-filial-finuniversiteta/specialnosti/bakalavr/","2026-07-09T06:49:49.774Z"
"Алтайский филиал Финансового университета при Правительстве Российской Федерации","38.03.02","Менеджмент","bachelor","","true","10","57","2026","https://barnaul.postupi.online/vuz/barnaulskij-filial-finuniversiteta/specialnosti/bakalavr/","https://barnaul.postupi.online/vuz/barnaulskij-filial-finuniversiteta/specialnosti/bakalavr/","2026-07-09T06:49:49.774Z"
"Алтайский филиал Финансового университета при Правительстве Российской Федерации","38.03.03","Управление персоналом","bachelor","","","","25","2026","https://barnaul.postupi.online/vuz/barnaulskij-filial-finuniversiteta/specialnosti/bakalavr/","https://barnaul.postupi.online/vuz/barnaulskij-filial-finuniversiteta/specialnosti/bakalavr/","2026-07-09T06:49:49.774Z"