code,name,level,group_code,group_name
"01.03.01","Математика","bachelor","01.00.00","МАТЕМАТИКА И МЕХАНИКА"
"01.03.02","Прикладная математика и информатика","bachelor","01.00.00","МАТЕМАТИКА И МЕХАНИКА"
"01.03.03","Механика и математическое моделирование","bachelor","01.00.00","МАТЕМАТИКА И МЕХАНИКА"
"01.03.04","Прикладная математика","bachelor","01.00.00","МАТЕМАТИКА И МЕХАНИКА"
"01.03.05","Статистика","bachelor","01.00.00","МАТЕМАТИКА И МЕХАНИКА"
"02.03.01","Математика и компьютерные науки","bachelor","02.00.00","КОМПЬЮТЕРНЫЕ И ИНФОРМАЦИОННЫЕ НАУКИ"
"02.03.02","Фундаментальная информатика и информационные технологии","bachelor","02.00.00","КОМПЬЮТЕРНЫЕ И ИНФОРМАЦИОННЫЕ НАУКИ"
"02.03.03","Математическое обеспечение и администрирование информационных систем","bachelor","02.00.00","КОМПЬЮТЕРНЫЕ И ИНФОРМАЦИОННЫЕ НАУКИ"
"03.03.01","Прикладные математика и физика","bachelor","03.00.00","ФИЗИКА И АСТРОНОМИЯ"
"03.03.02","Физика","bachelor","03.00.00","ФИЗИКА И АСТРОНОМИЯ"
"03.03.03","Радиофизика","bachelor","03.00.00","ФИЗИКА И АСТРОНОМИЯ"
"04.03.01","Химия","bachelor","04.00.00","ХИМИЯ"
"04.03.02","Химия, физика и механика материалов","bachelor","04.00.00","ХИМИЯ"
"05.03.01","Геология","bachelor","05.00.00","НАУКИ О ЗЕМЛЕ"
"05.03.02","География","bachelor","05.00.00","НАУКИ О ЗЕМЛЕ"
"05.03.03","Картография и геоинформатика","bachelor","05.00.00","НАУКИ О ЗЕМЛЕ"
"05.03.04","Гидрометеорология","bachelor","05.00.00","НАУКИ О ЗЕМЛЕ"
"05.03.05","Прикладная гидрометеорология","bachelor","05.00.00","НАУКИ О ЗЕМЛЕ"
"05.03.06","Экология и природопользование","bachelor","05.00.00","НАУКИ О ЗЕМЛЕ"
"06.03.01","Биология","bachelor","06.00.00","БИОЛОГИЧЕСКИЕ НАУКИ"
"06.03.02","Почвоведение","bachelor","06.00.00","БИОЛОГИЧЕСКИЕ НАУКИ"
"07.03.01","Архитектура","bachelor","07.00.00","АРХИТЕКТУРА"
"07.03.02","Реконструкция и реставрация архитектурного наследия","bachelor","07.00.00","АРХИТЕКТУРА"
"07.03.03","Дизайн архитектурной среды","bachelor","07.00.00","АРХИТЕКТУРА"
"07.03.04","Градостроительство","bachelor","07.00.00","АРХИТЕКТУРА"
"08.03.01","Строительство","bachelor","08.00.00","ТЕХНИКА И ТЕХНОЛОГИИ СТРОИТЕЛЬСТВА"
"09.03.01","Информатика и вычислительная техника","bachelor","09.00.00","ИНФОРМАТИКА И ВЫЧИСЛИТЕЛЬНАЯ ТЕХНИКА"
"09.03.02","Информационные системы и технологии","bachelor","09.00.00","ИНФОРМАТИКА И ВЫЧИСЛИТЕЛЬНАЯ ТЕХНИКА"
"09.03.03","Прикладная информатика","bachelor","09.00.00","ИНФОРМАТИКА И ВЫЧИСЛИТЕЛЬНАЯ ТЕХНИКА"
"09.03.04","Программная инженерия","bachelor","09.00.00","ИНФОРМАТИКА И ВЫЧИСЛИТЕЛЬНАЯ ТЕХНИКА"
"10.03.01","Информационная безопасность","bachelor","10.00.00","ИНФОРМАЦИОННАЯ БЕЗОПАСНОСТЬ"
"11.03.01","Радиотехника","bachelor","11.00.00","ЭЛЕКТРОНИКА, РАДИОТЕХНИКА И СИСТЕМЫ СВЯЗИ"
"11.03.02","Инфокоммуникационные технологии и системы связи","bachelor","11.00.00","ЭЛЕКТРОНИКА, РАДИОТЕХНИКА И СИСТЕМЫ СВЯЗИ"
"11.03.03","Конструирование и технология электронных средств","bachelor","11.00.00","ЭЛЕКТРОНИКА, РАДИОТЕХНИКА И СИСТЕМЫ СВЯЗИ"
"11.03.04","Электроника и наноэлектроника","bachelor","11.00.00","ЭЛЕКТРОНИКА, РАДИОТЕХНИКА И СИСТЕМЫ СВЯЗИ"
"12.03.01","Приборостроение","bachelor","12.00.00","ФОТОНИКА, ПРИБОРОСТРОЕНИЕ, ОПТИЧЕСКИЕ И БИОТЕХНИЧЕСКИЕ СИСТЕМЫ И ТЕХНОЛОГИИ"
"12.03.02","Оптотехника","bachelor","12.00.00","ФОТОНИКА, ПРИБОРОСТРОЕНИЕ, ОПТИЧЕСКИЕ И БИОТЕХНИЧЕСКИЕ СИСТЕМЫ И ТЕХНОЛОГИИ"
"12.03.03","Фотоника и оптоинформатика","bachelor","12.00.00","ФОТОНИКА, ПРИБОРОСТРОЕНИЕ, ОПТИЧЕСКИЕ И БИОТЕХНИЧЕСКИЕ СИСТЕМЫ И ТЕХНОЛОГИИ"
"12.03.04","Биотехнические системы и технологии","bachelor","12.00.00","ФОТОНИКА, ПРИБОРОСТРОЕНИЕ, ОПТИЧЕСКИЕ И БИОТЕХНИЧЕСКИЕ СИСТЕМЫ И ТЕХНОЛОГИИ"
"12.03.05","Лазерная техника и лазерные технологии","bachelor","12.00.00","ФОТОНИКА, ПРИБОРОСТРОЕНИЕ, ОПТИЧЕСКИЕ И БИОТЕХНИЧЕСКИЕ СИСТЕМЫ И ТЕХНОЛОГИИ"
"13.03.01","Теплоэнергетика и теплотехника","bachelor","13.00.00","ЭЛЕКТРО - И ТЕПЛОЭНЕРГЕТИКА"
"13.03.02","Электроэнергетика и электротехника","bachelor","13.00.00","ЭЛЕКТРО - И ТЕПЛОЭНЕРГЕТИКА"
"13.03.03","Энергетическое машиностроение","bachelor","13.00.00","ЭЛЕКТРО - И ТЕПЛОЭНЕРГЕТИКА"
"14.03.01","Ядерная энергетика и теплофизика","bachelor","14.00.00","ЯДЕРНАЯ ЭНЕРГЕТИКА И ТЕХНОЛОГИИ"
"14.03.02","Ядерные физика и технологии","bachelor","14.00.00","ЯДЕРНАЯ ЭНЕРГЕТИКА И ТЕХНОЛОГИИ"
"15.03.01","Машиностроение","bachelor","15.00.00","МАШИНОСТРОЕНИЕ"
"15.03.02","Технологические машины и оборудование","bachelor","15.00.00","МАШИНОСТРОЕНИЕ"
"15.03.03","Прикладная механика","bachelor","15.00.00","МАШИНОСТРОЕНИЕ"
"15.03.04","Автоматизация технологических процессов и производств","bachelor","15.00.00","МАШИНОСТРОЕНИЕ"
"15.03.05","Конструкторско-технологическое обеспечение машиностроительных производств","bachelor","15.00.00","МАШИНОСТРОЕНИЕ"
"15.03.06","Мехатроника и робототехника","bachelor","15.00.00","МАШИНОСТРОЕНИЕ"
"16.03.01","Техническая физика","bachelor","16.00.00","ФИЗИКО-ТЕХНИЧЕСКИЕ НАУКИ И ТЕХНОЛОГИИ"
"16.03.02","Высокотехнологические плазменные и энергетические установки","bachelor","16.00.00","ФИЗИКО-ТЕХНИЧЕСКИЕ НАУКИ И ТЕХНОЛОГИИ"
"16.03.03","Холодильная, криогенная техника и системы жизнеобеспечения","bachelor","16.00.00","ФИЗИКО-ТЕХНИЧЕСКИЕ НАУКИ И ТЕХНОЛОГИИ"
"17.03.01","Корабельное вооружение","bachelor","17.00.00","ОРУЖИЕ И СИСТЕМЫ ВООРУЖЕНИЯ"
"18.03.01","Химическая технология","bachelor","18.00.00","ХИМИЧЕСКИЕ ТЕХНОЛОГИИ"
"18.03.02","Энерго- и ресурсосберегающие процессы в химической технологии, нефтехимии и биотехнологии","bachelor","18.00.00","ХИМИЧЕСКИЕ ТЕХНОЛОГИИ"
"19.03.01","Биотехнология","bachelor","19.00.00","ПРОМЫШЛЕННАЯ ЭКОЛОГИЯ И БИОТЕХНОЛОГИИ"
"19.03.02","Продукты питания из растительного сырья","bachelor","19.00.00","ПРОМЫШЛЕННАЯ ЭКОЛОГИЯ И БИОТЕХНОЛОГИИ"
"19.03.03","Продукты питания животного происхождения","bachelor","19.00.00","ПРОМЫШЛЕННАЯ ЭКОЛОГИЯ И БИОТЕХНОЛОГИИ"
"19.03.04","Технология продукции и организация общественного питания","bachelor","19.00.00","ПРОМЫШЛЕННАЯ ЭКОЛОГИЯ И БИОТЕХНОЛОГИИ"
"20.03.01","Техносферная безопасность","bachelor","20.00.00","ТЕХНОСФЕРНАЯ БЕЗОПАСНОСТЬ И ПРИРОДООБУСТРОЙСТВО"
"20.03.02","Природообустройство и водопользование","bachelor","20.00.00","ТЕХНОСФЕРНАЯ БЕЗОПАСНОСТЬ И ПРИРОДООБУСТРОЙСТВО"
"21.03.01","Нефтегазовое дело","bachelor","21.00.00","ПРИКЛАДНАЯ ГЕОЛОГИЯ, ГОРНОЕ ДЕЛО, НЕФТЕГАЗОВОЕ ДЕЛО И ГЕОДЕЗИЯ"
"21.03.02","Землеустройство и кадастры","bachelor","21.00.00","ПРИКЛАДНАЯ ГЕОЛОГИЯ, ГОРНОЕ ДЕЛО, НЕФТЕГАЗОВОЕ ДЕЛО И ГЕОДЕЗИЯ"
"21.03.03","Геодезия и дистанционное зондирование","bachelor","21.00.00","ПРИКЛАДНАЯ ГЕОЛОГИЯ, ГОРНОЕ ДЕЛО, НЕФТЕГАЗОВОЕ ДЕЛО И ГЕОДЕЗИЯ"
"22.03.01","Материаловедение и технологии материалов","bachelor","22.00.00","ТЕХНОЛОГИИ МАТЕРИАЛОВ"
"22.03.02","Металлургия","bachelor","22.00.00","ТЕХНОЛОГИИ МАТЕРИАЛОВ"
"23.03.01","Технология транспортных процессов","bachelor","23.00.00","ТЕХНИКА И ТЕХНОЛОГИИ НАЗЕМНОГО ТРАНСПОРТА"
"23.03.02","Наземные транспортно-технологические комплексы","bachelor","23.00.00","ТЕХНИКА И ТЕХНОЛОГИИ НАЗЕМНОГО ТРАНСПОРТА"
"23.03.03","Эксплуатация транспортно-технологических машин и комплексов","bachelor","23.00.00","ТЕХНИКА И ТЕХНОЛОГИИ НАЗЕМНОГО ТРАНСПОРТА"
"24.03.01","Ракетные комплексы и космонавтика","bachelor","24.00.00","АВИАЦИОННАЯ И РАКЕТНО-КОСМИЧЕСКАЯ ТЕХНИКА"
"24.03.02","Системы управления движением и навигация","bachelor","24.00.00","АВИАЦИОННАЯ И РАКЕТНО-КОСМИЧЕСКАЯ ТЕХНИКА"
"24.03.03","Баллистика и гидроаэродинамика","bachelor","24.00.00","АВИАЦИОННАЯ И РАКЕТНО-КОСМИЧЕСКАЯ ТЕХНИКА"
"24.03.04","Авиастроение","bachelor","24.00.00","АВИАЦИОННАЯ И РАКЕТНО-КОСМИЧЕСКАЯ ТЕХНИКА"
"24.03.05","Двигатели летательных аппаратов","bachelor","24.00.00","АВИАЦИОННАЯ И РАКЕТНО-КОСМИЧЕСКАЯ ТЕХНИКА"
"25.03.01","Техническая эксплуатация летательных аппаратов и двигателей","bachelor","25.00.00","АЭРОНАВИГАЦИЯ И ЭКСПЛУАТАЦИЯ АВИАЦИОННОЙ И РАКЕТНО-КОСМИЧЕСКОЙ ТЕХНИКИ"
"25.03.02","Техническая эксплуатация авиационных электросистем и пилотажно-навигационных комплексов","bachelor","25.00.00","АЭРОНАВИГАЦИЯ И ЭКСПЛУАТАЦИЯ АВИАЦИОННОЙ И РАКЕТНО-КОСМИЧЕСКОЙ ТЕХНИКИ"
"25.03.03","Аэронавигация","bachelor","25.00.00","АЭРОНАВИГАЦИЯ И ЭКСПЛУАТАЦИЯ АВИАЦИОННОЙ И РАКЕТНО-КОСМИЧЕСКОЙ ТЕХНИКИ"
"25.03.04","Эксплуатация аэропортов и обеспечение полетов воздушных судов","bachelor","25.00.00","АЭРОНАВИГАЦИЯ И ЭКСПЛУАТАЦИЯ АВИАЦИОННОЙ И РАКЕТНО-КОСМИЧЕСКОЙ ТЕХНИКИ"
"26.03.01","Управление водным транспортом и гидрографическое обеспечение судоходства","bachelor","26.00.00","ТЕХНИКА И ТЕХНОЛОГИИ КОРАБЛЕСТРОЕНИЯ И ВОДНОГО ТРАНСПОРТА"
"26.03.02","Кораблестроение, океанотехника и системотехника объектов морской инфраструктуры","bachelor","26.00.00","ТЕХНИКА И ТЕХНОЛОГИИ КОРАБЛЕСТРОЕНИЯ И ВОДНОГО ТРАНСПОРТА"
"26.03.03","Водные пути, порты и гидротехнические сооружения","bachelor","26.00.00","ТЕХНИКА И ТЕХНОЛОГИИ КОРАБЛЕСТРОЕНИЯ И ВОДНОГО ТРАНСПОРТА"
"26.03.04","Инженерно-экономическое обеспечение технологий и бизнес-процессов водного транспорта","bachelor","26.00.00","ТЕХНИКА И ТЕХНОЛОГИИ КОРАБЛЕСТРОЕНИЯ И ВОДНОГО ТРАНСПОРТА"
"27.03.01","Стандартизация и метрология","bachelor","27.00.00","УПРАВЛЕНИЕ В ТЕХНИЧЕСКИХ СИСТЕМАХ"
"27.03.02","Управление качеством","bachelor","27.00.00","УПРАВЛЕНИЕ В ТЕХНИЧЕСКИХ СИСТЕМАХ"
"27.03.03","Системный анализ и управление","bachelor","27.00.00","УПРАВЛЕНИЕ В ТЕХНИЧЕСКИХ СИСТЕМАХ"
"27.03.04","Управление в технических системах","bachelor","27.00.00","УПРАВЛЕНИЕ В ТЕХНИЧЕСКИХ СИСТЕМАХ"
"27.03.05","Инноватика","bachelor","27.00.00","УПРАВЛЕНИЕ В ТЕХНИЧЕСКИХ СИСТЕМАХ"
"28.03.01","Нанотехнологии и микросистемная техника","bachelor","28.00.00","НАНОТЕХНОЛОГИИ И НАНОМАТЕРИАЛЫ"
"28.03.02","Наноинженерия","bachelor","28.00.00","НАНОТЕХНОЛОГИИ И НАНОМАТЕРИАЛЫ"
"28.03.03","Наноматериалы","bachelor","28.00.00","НАНОТЕХНОЛОГИИ И НАНОМАТЕРИАЛЫ"
"29.03.01","Технология изделий легкой промышленности","bachelor","29.00.00","ТЕХНОЛОГИИ ЛЕГКОЙ ПРОМЫШЛЕННОСТИ"
"29.03.02","Технологии и проектирование текстильных изделий","bachelor","29.00.00","ТЕХНОЛОГИИ ЛЕГКОЙ ПРОМЫШЛЕННОСТИ"
"29.03.03","Технология полиграфического и упаковочного производства","bachelor","29.00.00","ТЕХНОЛОГИИ ЛЕГКОЙ ПРОМЫШЛЕННОСТИ"
"29.03.04","Технология художественной обработки материалов","bachelor","29.00.00","ТЕХНОЛОГИИ ЛЕГКОЙ ПРОМЫШЛЕННОСТИ"
"29.03.05","Конструирование изделий легкой промышленности","bachelor","29.00.00","ТЕХНОЛОГИИ ЛЕГКОЙ ПРОМЫШЛЕННОСТИ"
"35.03.01","Лесное дело","bachelor","35.00.00","СЕЛЬСКОЕ, ЛЕСНОЕ И РЫБНОЕ ХОЗЯЙСТВО"
"35.03.02","Технология лесозаготовительных и деревоперерабатывающих производств","bachelor","35.00.00","СЕЛЬСКОЕ, ЛЕСНОЕ И РЫБНОЕ ХОЗЯЙСТВО"
"35.03.03","Агрохимия и агропочвоведение","bachelor","35.00.00","СЕЛЬСКОЕ, ЛЕСНОЕ И РЫБНОЕ ХОЗЯЙСТВО"
"35.03.04","Агрономия","bachelor","35.00.00","СЕЛЬСКОЕ, ЛЕСНОЕ И РЫБНОЕ ХОЗЯЙСТВО"
"35.03.05","Садоводство","bachelor","35.00.00","СЕЛЬСКОЕ, ЛЕСНОЕ И РЫБНОЕ ХОЗЯЙСТВО"
"35.03.06","Агроинженерия","bachelor","35.00.00","СЕЛЬСКОЕ, ЛЕСНОЕ И РЫБНОЕ ХОЗЯЙСТВО"
"35.03.07","Технология производства и переработки сельскохозяйственной продукции","bachelor","35.00.00","СЕЛЬСКОЕ, ЛЕСНОЕ И РЫБНОЕ ХОЗЯЙСТВО"
"35.03.08","Водные биоресурсы и аквакультура","bachelor","35.00.00","СЕЛЬСКОЕ, ЛЕСНОЕ И РЫБНОЕ ХОЗЯЙСТВО"
"35.03.09","Промышленное рыболовство","bachelor","35.00.00","СЕЛЬСКОЕ, ЛЕСНОЕ И РЫБНОЕ ХОЗЯЙСТВО"
"35.03.10","Ландшафтная архитектура","bachelor","35.00.00","СЕЛЬСКОЕ, ЛЕСНОЕ И РЫБНОЕ ХОЗЯЙСТВО"
"35.03.11","Гидромелиорация","bachelor","35.00.00","СЕЛЬСКОЕ, ЛЕСНОЕ И РЫБНОЕ ХОЗЯЙСТВО"
"36.03.01","Ветеринарно-санитарная экспертиза","bachelor","36.00.00","ВЕТЕРИНАРИЯ И ЗООТЕХНИЯ"
"36.03.02","Зоотехния","bachelor","36.00.00","ВЕТЕРИНАРИЯ И ЗООТЕХНИЯ"
"37.03.01","Психология","bachelor","37.00.00","ПСИХОЛОГИЧЕСКИЕ НАУКИ"
"37.03.02","Конфликтология","bachelor","37.00.00","ПСИХОЛОГИЧЕСКИЕ НАУКИ"
"38.03.01","Экономика","bachelor","38.00.00","ЭКОНОМИКА И УПРАВЛЕНИЕ"
"38.03.02","Менеджмент","bachelor","38.00.00","ЭКОНОМИКА И УПРАВЛЕНИЕ"
"38.03.03","Управление персоналом","bachelor","38.00.00","ЭКОНОМИКА И УПРАВЛЕНИЕ"
"38.03.04","Государственное и муниципальное управление","bachelor","38.00.00","ЭКОНОМИКА И УПРАВЛЕНИЕ"
"38.03.05","Бизнес-информатика","bachelor","38.00.00","ЭКОНОМИКА И УПРАВЛЕНИЕ"
"38.03.06","Торговое дело","bachelor","38.00.00","ЭКОНОМИКА И УПРАВЛЕНИЕ"
"38.03.07","Товароведение","bachelor","38.00.00","ЭКОНОМИКА И УПРАВЛЕНИЕ"
"38.03.10","Жилищное хозяйство и коммунальная инфраструктура","bachelor","38.00.00","ЭКОНОМИКА И УПРАВЛЕНИЕ"
"39.03.01","Социология","bachelor","39.00.00","СОЦИОЛОГИЯ И СОЦИАЛЬНАЯ РАБОТА"
"39.03.02","Социальная работа","bachelor","39.00.00","СОЦИОЛОГИЯ И СОЦИАЛЬНАЯ РАБОТА"
"39.03.03","Организация работы с молодежью","bachelor","39.00.00","СОЦИОЛОГИЯ И СОЦИАЛЬНАЯ РАБОТА"
"40.03.01","Юриспруденция","bachelor","40.00.00","ЮРИСПРУДЕНЦИЯ"
"40.03.02","Обеспечение законности и правопорядка","bachelor","40.00.00","ЮРИСПРУДЕНЦИЯ"
"41.03.01","Зарубежное регионоведение","bachelor","41.00.00","ПОЛИТИЧЕСКИЕ НАУКИ И РЕГИОНОВЕДЕНИЕ"
"41.03.02","Регионоведение России","bachelor","41.00.00","ПОЛИТИЧЕСКИЕ НАУКИ И РЕГИОНОВЕДЕНИЕ"
"41.03.04","Политология","bachelor","41.00.00","ПОЛИТИЧЕСКИЕ НАУКИ И РЕГИОНОВЕДЕНИЕ"
"41.03.05","Международные отношения","bachelor","41.00.00","ПОЛИТИЧЕСКИЕ НАУКИ И РЕГИОНОВЕДЕНИЕ"
"41.03.06","Публичная политика и социальные науки","bachelor","41.00.00","ПОЛИТИЧЕСКИЕ НАУКИ И РЕГИОНОВЕДЕНИЕ"
"42.03.01","Реклама и связи с общественностью","bachelor","42.00.00","СРЕДСТВА МАССОВОЙ ИНФОРМАЦИИ И ИНФОРМАЦИОННО-БИБЛИОТЕЧНОЕ ДЕЛО"
"42.03.02","Журналистика","bachelor","42.00.00","СРЕДСТВА МАССОВОЙ ИНФОРМАЦИИ И ИНФОРМАЦИОННО-БИБЛИОТЕЧНОЕ ДЕЛО"
"42.03.03","Издательское дело","bachelor","42.00.00","СРЕДСТВА МАССОВОЙ ИНФОРМАЦИИ И ИНФОРМАЦИОННО-БИБЛИОТЕЧНОЕ ДЕЛО"
"42.03.04","Телевидение","bachelor","42.00.00","СРЕДСТВА МАССОВОЙ ИНФОРМАЦИИ И ИНФОРМАЦИОННО-БИБЛИОТЕЧНОЕ ДЕЛО"
"42.03.05","Медиакоммуникации","bachelor","42.00.00","СРЕДСТВА МАССОВОЙ ИНФОРМАЦИИ И ИНФОРМАЦИОННО-БИБЛИОТЕЧНОЕ ДЕЛО"
"43.03.01","Сервис","bachelor","43.00.00","СЕРВИС И ТУРИЗМ"
"43.03.02","Туризм","bachelor","43.00.00","СЕРВИС И ТУРИЗМ"
"43.03.03","Гостиничное дело","bachelor","43.00.00","СЕРВИС И ТУРИЗМ"
"44.03.01","Педагогическое образование","bachelor","44.00.00","ОБРАЗОВАНИЕ И ПЕДАГОГИЧЕСКИЕ НАУКИ"
"44.03.02","Психолого-педагогическое образование","bachelor","44.00.00","ОБРАЗОВАНИЕ И ПЕДАГОГИЧЕСКИЕ НАУКИ"
"44.03.03","Специальное (дефектологическое) образование","bachelor","44.00.00","ОБРАЗОВАНИЕ И ПЕДАГОГИЧЕСКИЕ НАУКИ"
"44.03.04","Профессиональное обучение (по отраслям)","bachelor","44.00.00","ОБРАЗОВАНИЕ И ПЕДАГОГИЧЕСКИЕ НАУКИ"
"44.03.05","Педагогическое образование (с двумя профилями подготовки)","bachelor","44.00.00","ОБРАЗОВАНИЕ И ПЕДАГОГИЧЕСКИЕ НАУКИ"
"45.03.01","Филология","bachelor","45.00.00","ЯЗЫКОЗНАНИЕ И ЛИТЕРАТУРОВЕДЕНИЕ"
"45.03.02","Лингвистика","bachelor","45.00.00","ЯЗЫКОЗНАНИЕ И ЛИТЕРАТУРОВЕДЕНИЕ"
"45.03.03","Фундаментальная и прикладная лингвистика","bachelor","45.00.00","ЯЗЫКОЗНАНИЕ И ЛИТЕРАТУРОВЕДЕНИЕ"
"45.03.04","Интеллектуальные системы в гуманитарной сфере","bachelor","45.00.00","ЯЗЫКОЗНАНИЕ И ЛИТЕРАТУРОВЕДЕНИЕ"
"46.03.01","История","bachelor","46.00.00","ИСТОРИЯ И АРХЕОЛОГИЯ"
"46.03.02","Документоведение и архивоведение","bachelor","46.00.00","ИСТОРИЯ И АРХЕОЛОГИЯ"
"46.03.03","Антропология и этнология","bachelor","46.00.00","ИСТОРИЯ И АРХЕОЛОГИЯ"
"46.03.04","Археология","bachelor","46.00.00","ИСТОРИЯ И АРХЕОЛОГИЯ"
"47.03.01","Философия","bachelor","47.00.00","ФИЛОСОФИЯ, ЭТИКА И РЕЛИГИОВЕДЕНИЕ"
"47.03.02","Прикладная этика","bachelor","47.00.00","ФИЛОСОФИЯ, ЭТИКА И РЕЛИГИОВЕДЕНИЕ"
"47.03.03","Религиоведение","bachelor","47.00.00","ФИЛОСОФИЯ, ЭТИКА И РЕЛИГИОВЕДЕНИЕ"
"48.03.01","Теология","bachelor","48.00.00","ТЕОЛОГИЯ"
"49.03.01","Физическая культура","bachelor","49.00.00","ФИЗИЧЕСКАЯ КУЛЬТУРА И СПОРТ"
"49.03.02","Физическая культура для лиц с отклонениями в состоянии здоровья (адаптивная физическая культура)","bachelor","49.00.00","ФИЗИЧЕСКАЯ КУЛЬТУРА И СПОРТ"
"49.03.03","Рекреация и спортивно-оздоровительный туризм","bachelor","49.00.00","ФИЗИЧЕСКАЯ КУЛЬТУРА И СПОРТ"
"50.03.01","Искусства и гуманитарные науки","bachelor","50.00.00","ИСКУССТВОЗНАНИЕ"
"50.03.02","Изящные искусства","bachelor","50.00.00","ИСКУССТВОЗНАНИЕ"
"50.03.03","История искусств","bachelor","50.00.00","ИСКУССТВОЗНАНИЕ"
"50.03.04","Теория и история искусств","bachelor","50.00.00","ИСКУССТВОЗНАНИЕ"
"51.03.01","Культурология","bachelor","51.00.00","КУЛЬТУРОВЕДЕНИЕ И СОЦИОКУЛЬТУРНЫЕ ПРОЕКТЫ"
"51.03.02","Народная художественная культура","bachelor","51.00.00","КУЛЬТУРОВЕДЕНИЕ И СОЦИОКУЛЬТУРНЫЕ ПРОЕКТЫ"
"51.03.03","Социально-культурная деятельность","bachelor","51.00.00","КУЛЬТУРОВЕДЕНИЕ И СОЦИОКУЛЬТУРНЫЕ ПРОЕКТЫ"
"51.03.04","Музеология и охрана объектов культурного и природного наследия","bachelor","51.00.00","КУЛЬТУРОВЕДЕНИЕ И СОЦИОКУЛЬТУРНЫЕ ПРОЕКТЫ"
"51.03.05","Режиссура театрализованных представлений и праздников","bachelor","51.00.00","КУЛЬТУРОВЕДЕНИЕ И СОЦИОКУЛЬТУРНЫЕ ПРОЕКТЫ"
"51.03.06","Библиотечно-информационная деятельность","bachelor","51.00.00","КУЛЬТУРОВЕДЕНИЕ И СОЦИОКУЛЬТУРНЫЕ ПРОЕКТЫ"
"52.03.01","Хореографическое искусство","bachelor","52.00.00","СЦЕНИЧЕСКИЕ ИСКУССТВА И ЛИТЕРАТУРНОЕ ТВОРЧЕСТВО"
"52.03.02","Хореографическое исполнительство","bachelor","52.00.00","СЦЕНИЧЕСКИЕ ИСКУССТВА И ЛИТЕРАТУРНОЕ ТВОРЧЕСТВО"
"52.03.03","Цирковое искусство","bachelor","52.00.00","СЦЕНИЧЕСКИЕ ИСКУССТВА И ЛИТЕРАТУРНОЕ ТВОРЧЕСТВО"
"52.03.04","Технология художественного оформления спектакля","bachelor","52.00.00","СЦЕНИЧЕСКИЕ ИСКУССТВА И ЛИТЕРАТУРНОЕ ТВОРЧЕСТВО"
"52.03.05","Театроведение","bachelor","52.00.00","СЦЕНИЧЕСКИЕ ИСКУССТВА И ЛИТЕРАТУРНОЕ ТВОРЧЕСТВО"
"52.03.06","Драматургия","bachelor","52.00.00","СЦЕНИЧЕСКИЕ ИСКУССТВА И ЛИТЕРАТУРНОЕ ТВОРЧЕСТВО"
"54.03.01","Дизайн","bachelor","54.00.00","ИЗОБРАЗИТЕЛЬНОЕ И ПРИКЛАДНЫЕ ВИДЫ ИСКУССТВ"
"54.03.02","Декоративно-прикладное искусство и народные промыслы","bachelor","54.00.00","ИЗОБРАЗИТЕЛЬНОЕ И ПРИКЛАДНЫЕ ВИДЫ ИСКУССТВ"
"54.03.03","Искусство костюма и текстиля","bachelor","54.00.00","ИЗОБРАЗИТЕЛЬНОЕ И ПРИКЛАДНЫЕ ВИДЫ ИСКУССТВ"
"54.03.04","Реставрация","bachelor","54.00.00","ИЗОБРАЗИТЕЛЬНОЕ И ПРИКЛАДНЫЕ ВИДЫ ИСКУССТВ"
"54.03.05","Традиционное прикладное искусство","bachelor","54.00.00","ИЗОБРАЗИТЕЛЬНОЕ И ПРИКЛАДНЫЕ ВИДЫ ИСКУССТВ"