code,name,level,group_code,group_name,qualification
"01.05.01","Фундаментальные математика и механика","specialist","01.00.00","МАТЕМАТИКА И МЕХАНИКА","Математик.; Механик.; Преподаватель"
"03.05.01","Астрономия","specialist","03.00.00","ФИЗИКА И АСТРОНОМИЯ","Астроном. Преподаватель"
"03.05.02","Фундаментальная и прикладная физика","specialist","03.00.00","ФИЗИКА И АСТРОНОМИЯ","Физик. Преподаватель"
"04.05.01","Фундаментальная и прикладная химия","specialist","04.00.00","ХИМИЯ","Химик.; Преподаватель химии."
"06.05.01","Биоинженерия и биоинформатика","specialist","06.00.00","БИОЛОГИЧЕСКИЕ НАУКИ","Биоинженер и биоинформатик"
"06.05.02","Фундаментальная и прикладная биология","specialist","06.00.00","БИОЛОГИЧЕСКИЕ НАУКИ","Биолог-исследователь; ИНЖЕНЕРНОЕ ДЕЛО, ТЕХНОЛОГИИ И ТЕХНИЧЕСКИЕ НАУКИ"
"08.05.01","Строительство уникальных зданий и сооружений","specialist","08.00.00","ТЕХНИКА И ТЕХНОЛОГИИ СТРОИТЕЛЬСТВА","Инженер-строитель"
"08.05.02","Строительство, эксплуатация, восстановление и техническое прикрытие автомобильных дорог, мостов и тоннелей","specialist","08.00.00","ТЕХНИКА И ТЕХНОЛОГИИ СТРОИТЕЛЬСТВА","Инженер"
"10.05.01","Компьютерная безопасность","specialist","10.00.00","ИНФОРМАЦИОННАЯ БЕЗОПАСНОСТЬ","Специалист по защите информации"
"10.05.02","Информационная безопасность телекоммуникационных систем","specialist","10.00.00","ИНФОРМАЦИОННАЯ БЕЗОПАСНОСТЬ","Специалист по защите информации"
"10.05.03","Информационная безопасность автоматизированных систем","specialist","10.00.00","ИНФОРМАЦИОННАЯ БЕЗОПАСНОСТЬ","Специалист по защите информации"
"10.05.04","Информационно-аналитические системы безопасности","specialist","10.00.00","ИНФОРМАЦИОННАЯ БЕЗОПАСНОСТЬ","Специалист по защите информации"
"10.05.05","Безопасность информационных технологий в правоохранительной сфере","specialist","10.00.00","ИНФОРМАЦИОННАЯ БЕЗОПАСНОСТЬ","Специалист по защите информации"
"11.05.01","Радиоэлектронные системы и комплексы","specialist","11.00.00","ЭЛЕКТРОНИКА, РАДИОТЕХНИКА И СИСТЕМЫ СВЯЗИ","Инженер"
"11.05.02","Специальные радиотехнические системы","specialist","11.00.00","ЭЛЕКТРОНИКА, РАДИОТЕХНИКА И СИСТЕМЫ СВЯЗИ","Инженер специальных радиотехнических систем"
"12.05.01","Электронные и оптико-электронные приборы и системы специального назначения","specialist","12.00.00","ФОТОНИКА, ПРИБОРОСТРОЕНИЕ, ОПТИЧЕСКИЕ И БИОТЕХНИЧЕСКИЕ СИСТЕМЫ И ТЕХНОЛОГИИ","Инженер"
"14.05.01","Ядерные реакторы и материалы","specialist","14.00.00","ЯДЕРНАЯ ЭНЕРГЕТИКА И ТЕХНОЛОГИИ","Инженер-физик"
"14.05.02","Атомные станции: проектирование, эксплуатация и инжиниринг","specialist","14.00.00","ЯДЕРНАЯ ЭНЕРГЕТИКА И ТЕХНОЛОГИИ","Инженер-физик"
"14.05.03","Технологии разделения изотопов и ядерное топливо","specialist","14.00.00","ЯДЕРНАЯ ЭНЕРГЕТИКА И ТЕХНОЛОГИИ","Инженер-физик"
"15.05.01","Проектирование технологических машин и комплексов","specialist","15.00.00","МАШИНОСТРОЕНИЕ","Инженер"
"16.05.01","Специальные системы жизнеобеспечения","specialist","16.00.00","ФИЗИКО-ТЕХНИЧЕСКИЕ НАУКИ И ТЕХНОЛОГИИ","Инженер по эксплуатации специальных систем жизнеобеспечения"
"17.05.01","Боеприпасы и взрыватели","specialist","17.00.00","ОРУЖИЕ И СИСТЕМЫ ВООРУЖЕНИЯ","Инженер"
"17.05.02","Стрелково-пушечное, артиллерийское и ракетное оружие","specialist","17.00.00","ОРУЖИЕ И СИСТЕМЫ ВООРУЖЕНИЯ","Инженер"
"17.05.03","Проектирование, производство и испытание корабельного вооружения и информационно-управляющих систем","specialist","17.00.00","ОРУЖИЕ И СИСТЕМЫ ВООРУЖЕНИЯ","Инженер"
"18.05.01","Химическая технология энергонасыщенных материалов и изделий","specialist","18.00.00","ХИМИЧЕСКИЕ ТЕХНОЛОГИИ","Инженер"
"18.05.02","Химическая технология материалов современной энергетики","specialist","18.00.00","ХИМИЧЕСКИЕ ТЕХНОЛОГИИ","Инженер"
"20.05.01","Пожарная безопасность","specialist","20.00.00","ТЕХНОСФЕРНАЯ БЕЗОПАСНОСТЬ И ПРИРОДООБУСТРОЙСТВО","Специалист"
"21.05.01","Прикладная геодезия","specialist","21.00.00","ПРИКЛАДНАЯ ГЕОЛОГИЯ, ГОРНОЕ ДЕЛО, НЕФТЕГАЗОВОЕ ДЕЛО И ГЕОДЕЗИЯ","Инженер-геодезист"
"21.05.02","Прикладная геология","specialist","21.00.00","ПРИКЛАДНАЯ ГЕОЛОГИЯ, ГОРНОЕ ДЕЛО, НЕФТЕГАЗОВОЕ ДЕЛО И ГЕОДЕЗИЯ","Горный инженер-геолог"
"21.05.03","Технология геологической разведки","specialist","21.00.00","ПРИКЛАДНАЯ ГЕОЛОГИЯ, ГОРНОЕ ДЕЛО, НЕФТЕГАЗОВОЕ ДЕЛО И ГЕОДЕЗИЯ","Горный инженер-геофизик; Горный инженер-буровик"
"21.05.04","Горное дело","specialist","21.00.00","ПРИКЛАДНАЯ ГЕОЛОГИЯ, ГОРНОЕ ДЕЛО, НЕФТЕГАЗОВОЕ ДЕЛО И ГЕОДЕЗИЯ","Горный инженер (специалист)"
"21.05.05","Физические процессы горного или нефтегазового производства","specialist","21.00.00","ПРИКЛАДНАЯ ГЕОЛОГИЯ, ГОРНОЕ ДЕЛО, НЕФТЕГАЗОВОЕ ДЕЛО И ГЕОДЕЗИЯ","Горный инженер (специалист)"
"21.05.06","Нефтегазовые техника и технологии","specialist","21.00.00","ПРИКЛАДНАЯ ГЕОЛОГИЯ, ГОРНОЕ ДЕЛО, НЕФТЕГАЗОВОЕ ДЕЛО И ГЕОДЕЗИЯ","Горный инженер (специалист)"
"23.05.01","Наземные транспортно-технологические средства","specialist","23.00.00","ТЕХНИКА И ТЕХНОЛОГИИ НАЗЕМНОГО ТРАНСПОРТА","Инженер"
"23.05.02","Транспортные средства специального назначения","specialist","23.00.00","ТЕХНИКА И ТЕХНОЛОГИИ НАЗЕМНОГО ТРАНСПОРТА","Инженер"
"23.05.03","Подвижной состав железных дорог","specialist","23.00.00","ТЕХНИКА И ТЕХНОЛОГИИ НАЗЕМНОГО ТРАНСПОРТА","Инженер путей сообщения"
"23.05.04","Эксплуатация железных дорог","specialist","23.00.00","ТЕХНИКА И ТЕХНОЛОГИИ НАЗЕМНОГО ТРАНСПОРТА","Инженер путей сообщения"
"23.05.05","Системы обеспечения движения поездов","specialist","23.00.00","ТЕХНИКА И ТЕХНОЛОГИИ НАЗЕМНОГО ТРАНСПОРТА","Инженер путей сообщения"
"23.05.06","Строительство железных дорог, мостов и транспортных тоннелей","specialist","23.00.00","ТЕХНИКА И ТЕХНОЛОГИИ НАЗЕМНОГО ТРАНСПОРТА","Инженер путей сообщения"
"24.05.01","Проектирование, производство и эксплуатация ракет и ракетно-космических комплексов","specialist","24.00.00","АВИАЦИОННАЯ И РАКЕТНО-КОСМИЧЕСКАЯ ТЕХНИКА","Инженер"
"24.05.02","Проектирование авиационных и ракетных двигателей","specialist","24.00.00","АВИАЦИОННАЯ И РАКЕТНО-КОСМИЧЕСКАЯ ТЕХНИКА","Инженер"
"24.05.03","Испытание летательных аппаратов","specialist","24.00.00","АВИАЦИОННАЯ И РАКЕТНО-КОСМИЧЕСКАЯ ТЕХНИКА","Инженер"
"24.05.04","Навигационно-баллистическое обеспечение применения космической техники","specialist","24.00.00","АВИАЦИОННАЯ И РАКЕТНО-КОСМИЧЕСКАЯ ТЕХНИКА","Инженер-баллистик"
"24.05.05","Интегрированные системы летательных аппаратов","specialist","24.00.00","АВИАЦИОННАЯ И РАКЕТНО-КОСМИЧЕСКАЯ ТЕХНИКА","Инженер"
"24.05.06","Системы управления летательными аппаратами","specialist","24.00.00","АВИАЦИОННАЯ И РАКЕТНО-КОСМИЧЕСКАЯ ТЕХНИКА","Инженер"
"24.05.07","Самолето- и вертолетостроение","specialist","24.00.00","АВИАЦИОННАЯ И РАКЕТНО-КОСМИЧЕСКАЯ ТЕХНИКА","Инженер"
"25.05.01","Техническая эксплуатация и восстановление боевых летательных аппаратов и двигателей","specialist","25.00.00","АЭРОНАВИГАЦИЯ И ЭКСПЛУАТАЦИЯ АВИАЦИОННОЙ И РАКЕТНО-КОСМИЧЕСКОЙ ТЕХНИКИ","Инженер по эксплуатации летательных аппаратов"
"25.05.02","Техническая эксплуатация и восстановление электросистем и пилотажно-навигационных комплексов боевых летательных аппаратов","specialist","25.00.00","АЭРОНАВИГАЦИЯ И ЭКСПЛУАТАЦИЯ АВИАЦИОННОЙ И РАКЕТНО-КОСМИЧЕСКОЙ ТЕХНИКИ","Инженер по эксплуатации электросистем и электронной автоматики летательных аппаратов"
"25.05.03","Техническая эксплуатация транспортного радиооборудования","specialist","25.00.00","АЭРОНАВИГАЦИЯ И ЭКСПЛУАТАЦИЯ АВИАЦИОННОЙ И РАКЕТНО-КОСМИЧЕСКОЙ ТЕХНИКИ","Инженер"
"25.05.04","Летная эксплуатация и применение авиационных комплексов","specialist","25.00.00","АЭРОНАВИГАЦИЯ И ЭКСПЛУАТАЦИЯ АВИАЦИОННОЙ И РАКЕТНО-КОСМИЧЕСКОЙ ТЕХНИКИ","Инженер по летной эксплуатации летательных аппаратов"
"25.05.05","Эксплуатация воздушных судов и организация воздушного движения","specialist","25.00.00","АЭРОНАВИГАЦИЯ И ЭКСПЛУАТАЦИЯ АВИАЦИОННОЙ И РАКЕТНО-КОСМИЧЕСКОЙ ТЕХНИКИ","Инженер"
"26.05.01","Проектирование и постройка кораблей, судов и объектов океанотехники","specialist","26.00.00","ТЕХНИКА И ТЕХНОЛОГИИ КОРАБЛЕСТРОЕНИЯ И ВОДНОГО ТРАНСПОРТА","Инженер"
"26.05.02","Проектирование, изготовление и ремонт энергетических установок и систем автоматизации кораблей и судов","specialist","26.00.00","ТЕХНИКА И ТЕХНОЛОГИИ КОРАБЛЕСТРОЕНИЯ И ВОДНОГО ТРАНСПОРТА","Инженер"
"26.05.03","Строительство, ремонт и поисково-спасательное обеспечение надводных кораблей и подводных лодок","specialist","26.00.00","ТЕХНИКА И ТЕХНОЛОГИИ КОРАБЛЕСТРОЕНИЯ И ВОДНОГО ТРАНСПОРТА","Инженер"
"26.05.04","Применение и эксплуатация технических систем надводных кораблей и подводных лодок","specialist","26.00.00","ТЕХНИКА И ТЕХНОЛОГИИ КОРАБЛЕСТРОЕНИЯ И ВОДНОГО ТРАНСПОРТА","Инженер"
"26.05.05","Судовождение","specialist","26.00.00","ТЕХНИКА И ТЕХНОЛОГИИ КОРАБЛЕСТРОЕНИЯ И ВОДНОГО ТРАНСПОРТА","Инженер-судоводитель"
"26.05.06","Эксплуатация судовых энергетических установок","specialist","26.00.00","ТЕХНИКА И ТЕХНОЛОГИИ КОРАБЛЕСТРОЕНИЯ И ВОДНОГО ТРАНСПОРТА","Инженер-механик"
"26.05.07","Эксплуатация судового электрооборудования и средств автоматики","specialist","26.00.00","ТЕХНИКА И ТЕХНОЛОГИИ КОРАБЛЕСТРОЕНИЯ И ВОДНОГО ТРАНСПОРТА","Инженер-электромеханик"
"27.05.01","Специальные организационно-технические системы","specialist","27.00.00","УПРАВЛЕНИЕ В ТЕХНИЧЕСКИХ СИСТЕМАХ","Инженер-системотехник; ЗДРАВООХРАНЕНИЕ И МЕДИЦИНСКИЕ НАУКИ"
"30.05.01","Медицинская биохимия","specialist","30.00.00","ФУНДАМЕНТАЛЬНАЯ МЕДИЦИНА","Врач-биохимик"
"30.05.02","Медицинская биофизика","specialist","30.00.00","ФУНДАМЕНТАЛЬНАЯ МЕДИЦИНА","Врач-биофизик"
"30.05.03","Медицинская кибернетика","specialist","30.00.00","ФУНДАМЕНТАЛЬНАЯ МЕДИЦИНА","Врач-кибернетик"
"31.05.01","Лечебное дело","specialist","31.00.00","КЛИНИЧЕСКАЯ МЕДИЦИНА","Врач - лечебник"
"31.05.02","Педиатрия","specialist","31.00.00","КЛИНИЧЕСКАЯ МЕДИЦИНА","Врач - педиатр"
"31.05.03","Стоматология","specialist","31.00.00","КЛИНИЧЕСКАЯ МЕДИЦИНА","Врач - стоматолог"
"31.05.04","Остеопатия","specialist","31.00.00","КЛИНИЧЕСКАЯ МЕДИЦИНА","Врач - остеопат"
"32.05.01","Медико-профилактическое дело","specialist","32.00.00","НАУКИ О ЗДОРОВЬЕ И ПРОФИЛАКТИЧЕСКАЯ МЕДИЦИНА","Врач по общей гигиене, по эпидемиологии"
"33.05.01","Фармация","specialist","33.00.00","ФАРМАЦИЯ","Провизор; СЕЛЬСКОЕ ХОЗЯЙСТВО И СЕЛЬСКОХОЗЯЙСТВЕННЫЕ НАУКИ"
"36.05.01","Ветеринария","specialist","36.00.00","ВЕТЕРИНАРИЯ И ЗООТЕХНИЯ","Ветеринарный врач; НАУКИ ОБ ОБЩЕСТВЕ"
"37.05.01","Клиническая психология","specialist","37.00.00","ПСИХОЛОГИЧЕСКИЕ НАУКИ","Клинический психолог"
"37.05.02","Психология служебной деятельности","specialist","37.00.00","ПСИХОЛОГИЧЕСКИЕ НАУКИ","Психолог"
"38.05.01","Экономическая безопасность","specialist","38.00.00","ЭКОНОМИКА И УПРАВЛЕНИЕ","Экономист"
"38.05.02","Таможенное дело","specialist","38.00.00","ЭКОНОМИКА И УПРАВЛЕНИЕ","Специалист таможенного дела"
"40.05.01","Правовое обеспечение национальной безопасности","specialist","40.00.00","ЮРИСПРУДЕНЦИЯ","Юрист"
"40.05.02","Правоохранительная деятельность","specialist","40.00.00","ЮРИСПРУДЕНЦИЯ","Юрист"
"40.05.03","Судебная экспертиза","specialist","40.00.00","ЮРИСПРУДЕНЦИЯ","Судебный эксперт"
"40.05.04","Судебная и прокурорская деятельность","specialist","40.00.00","ЮРИСПРУДЕНЦИЯ","Юрист; ОБРАЗОВАНИЕ И ПЕДАГОГИЧЕСКИЕ НАУКИ"
"44.05.01","Педагогика и психология девиантного поведения","specialist","44.00.00","ОБРАЗОВАНИЕ И ПЕДАГОГИЧЕСКИЕ НАУКИ","Социальный педагог; ГУМАНИТАРНЫЕ НАУКИ"
"45.05.01","Перевод и переводоведение","specialist","45.00.00","ЯЗЫКОЗНАНИЕ И ЛИТЕРАТУРОВЕДЕНИЕ","Лингвист-переводчик; ИСКУССТВО И КУЛЬТУРА"
"51.05.01","Звукорежиссура культурно-массовых представлений и концертных программ","specialist","51.00.00","КУЛЬТУРОВЕДЕНИЕ И СОЦИОКУЛЬТУРНЫЕ ПРОЕКТЫ","Звукорежиссер"
"52.05.01","Актерское искусство","specialist","52.00.00","СЦЕНИЧЕСКИЕ ИСКУССТВА И ЛИТЕРАТУРНОЕ ТВОРЧЕСТВО","Артист; драматического театра и кино. Артист музыкального театра.; Артист театра кукол.; Артист эстрады. Артист мюзикла"
"52.05.02","Режиссура театра","specialist","52.00.00","СЦЕНИЧЕСКИЕ ИСКУССТВА И ЛИТЕРАТУРНОЕ ТВОРЧЕСТВО","Режиссер драмы.; Режиссер музыкального театра.; Режиссер театра кукол.; Режиссер эстрады.; Режиссер цирка"
"52.05.03","Сценография","specialist","52.00.00","СЦЕНИЧЕСКИЕ ИСКУССТВА И ЛИТЕРАТУРНОЕ ТВОРЧЕСТВО","Художник-постановщик театра.; Художник-постановщик в театре кукол.; Художник по сценическому костюму; Художник по гриму"
"52.05.04","Литературное творчество","specialist","52.00.00","СЦЕНИЧЕСКИЕ ИСКУССТВА И ЛИТЕРАТУРНОЕ ТВОРЧЕСТВО","Литературный работник.; Литературный работник, переводчик художественной литературы"
"52.05.05","Актерское искусство в музыкальном театре","specialist","52.00.00","СЦЕНИЧЕСКИЕ ИСКУССТВА И ЛИТЕРАТУРНОЕ ТВОРЧЕСТВО","Артист-вокалист"
"53.05.01","Искусство концертного исполнительства","specialist","53.00.00","МУЗЫКАЛЬНОЕ ИСКУССТВО","Концертный исполнитель.; Преподаватель"
"53.05.02","Художественное руководство оперно-симфоническим оркестром и академическим хором","specialist","53.00.00","МУЗЫКАЛЬНОЕ ИСКУССТВО","Дирижер оперно-симфонического оркестра.; Преподаватель; Дирижер академического хора.; Преподаватель"
"53.05.03","Музыкальная звукорежиссура","specialist","53.00.00","МУЗЫКАЛЬНОЕ ИСКУССТВО","Музыкальный звукорежиссер.; Преподаватель"
"53.05.04","Музыкально-театральное искусство","specialist","53.00.00","МУЗЫКАЛЬНОЕ ИСКУССТВО","Солист-вокалист. Преподаватель"
"53.05.05","Музыковедение","specialist","53.00.00","МУЗЫКАЛЬНОЕ ИСКУССТВО","Музыковед. Преподаватель"
"53.05.06","Композиция","specialist","53.00.00","МУЗЫКАЛЬНОЕ ИСКУССТВО","Композитор. Преподаватель"
"53.05.07","Дирижирование военным духовым оркестром","specialist","53.00.00","МУЗЫКАЛЬНОЕ ИСКУССТВО","Дирижер военного духового оркестра"
"54.05.01","Монументально-декоративное искусство","specialist","54.00.00","ИЗОБРАЗИТЕЛЬНОЕ И ПРИКЛАДНЫЕ ВИДЫ ИСКУССТВ","Художник монументально-декоративного искусства (живопись).; Художник монументально-декоративного искусства (скульптура).; Художник-проектировщик интерьера"
"54.05.02","Живопись","specialist","54.00.00","ИЗОБРАЗИТЕЛЬНОЕ И ПРИКЛАДНЫЕ ВИДЫ ИСКУССТВ","Художник-живописец (станковая живопись).; Художник-живописец (монументальная живопись).; Художник-живописец (театрально-декорационная живопись).; Художник-живописец (церковно-историческая живопись).; Художник-реставратор (станковая масляная живопись).; Художник-реставратор (темперная живопись).; Художник-реставратор (монументально-декоративная живопись).; Художник кино и телевидения.; Художник комбинированных съемок.; Художник кино и телевидения по костюму"
"54.05.03","Графика","specialist","54.00.00","ИЗОБРАЗИТЕЛЬНОЕ И ПРИКЛАДНЫЕ ВИДЫ ИСКУССТВ","Художник-график (станковая графика).; Художник-график (искусство книги).; Художник-график (искусство графики и плаката).; Художник-график (оформление печатной продукции).; Художник анимации и компьютерной графики.; Художник мультипликационного фильма"
"54.05.04","Скульптура","specialist","54.00.00","ИЗОБРАЗИТЕЛЬНОЕ И ПРИКЛАДНЫЕ ВИДЫ ИСКУССТВ","Художник-скульптор.; Художник-скульптор (медальерное искусство).; Художник-скульптор (реставрация скульптуры)"
"54.05.05","Живопись и изящные искусства","specialist","54.00.00","ИЗОБРАЗИТЕЛЬНОЕ И ПРИКЛАДНЫЕ ВИДЫ ИСКУССТВ","Художник"
"55.05.01","Режиссура кино и телевидения","specialist","55.00.00","ЭКРАННЫЕ ИСКУССТВА","Режиссер игрового кино- и телефильма.; Режиссер неигрового кино- и телефильма.; Режиссер анимации и компьютерной графики.; Режиссер телевизионных программ.; Режиссер мультимедиа.; Режиссер интернет-программ"
"55.05.02","Звукорежиссура аудиовизуальных искусств","specialist","55.00.00","ЭКРАННЫЕ ИСКУССТВА","Звукорежиссер аудиовизуальных искусств"
"55.05.03","Кинооператорство","specialist","55.00.00","ЭКРАННЫЕ ИСКУССТВА","Кинооператор. Телеоператор"
"55.05.04","Продюсерство","specialist","55.00.00","ЭКРАННЫЕ ИСКУССТВА","Продюсер кино и телевидения.; Линейный продюсер.; Продюсер телевизионных и радиопрограмм.; Продюсер мультимедиа.; Продюсер исполнительских искусств.; Продюсер дистрибьюции"
"55.05.05","Киноведение","specialist","55.00.00","ЭКРАННЫЕ ИСКУССТВА","Киновед"